[
{
    "model": "sessions.session",
    "pk": "0mse7sxjlinpbrb8zyx4cp9ocfm1dhrr",
    "fields": {
        "session_data": ".eJxVjEEOwiAQRe_C2hCgMAWX7nsGwjCMVE2blHZlvLtt0oVu33v_v0VM21rj1soSRxJXocXll2HKzzIdgh5pus8yz9O6jCiPRJ62yWGm8rqd7d9BTa3ua2WtBaM09JbJ-o6DIQ87Kz5pB6XLPTvCwF1ATwYdOI0lgGJ2zAji8wW4EDeT:1kt8M9:mEIcQlWa5H05kXEe-ZOrQk_kH2UAnBGS-Z6iyLxUFnE",
        "expire_date": "2021-01-09T12:07:33.479Z"
    }
},
{
    "model": "sessions.session",
    "pk": "14sm34cl7a07ce6vwjnvs0iu07ui4101",
    "fields": {
        "session_data": ".eJxVjEEOwiAQRe_C2hCgMAWX7nsGwjCMVE2blHZlvLtt0oVu33v_v0VM21rj1soSRxJXocXll2HKzzIdgh5pus8yz9O6jCiPRJ62yWGm8rqd7d9BTa3ua2WtBaM09JbJ-o6DIQ87Kz5pB6XLPTvCwF1ATwYdOI0lgGJ2zAji8wW4EDeT:1krIQ4:1yvwDWxRNljit9uR-ON9sWWpJjMfNbRMCDren1iTt7Y",
        "expire_date": "2021-01-04T10:28:00.228Z"
    }
},
{
    "model": "sessions.session",
    "pk": "16r7rg7swkuixglysdqpv9kxi848vp72",
    "fields": {
        "session_data": ".eJxVjEEOwiAQRe_C2hCgMAWX7nsGwjCMVE2blHZlvLtt0oVu33v_v0VM21rj1soSRxJXocXll2HKzzIdgh5pus8yz9O6jCiPRJ62yWGm8rqd7d9BTa3ua2WtBaM09JbJ-o6DIQ87Kz5pB6XLPTvCwF1ATwYdOI0lgGJ2zAji8wW4EDeT:1kncsL:uVNIrzXiGP8kJ5N9oq53FJgAYWAKYV48E76c5OaXN1k",
        "expire_date": "2020-12-25T07:30:01.674Z"
    }
},
{
    "model": "sessions.session",
    "pk": "3o4ctpabyl00ess6ifqjqg39qcxkvtfd",
    "fields": {
        "session_data": ".eJxVjEEOwiAQRe_C2hCgMAWX7nsGwjCMVE2blHZlvLtt0oVu33v_v0VM21rj1soSRxJXocXll2HKzzIdgh5pus8yz9O6jCiPRJ62yWGm8rqd7d9BTa3ua2WtBaM09JbJ-o6DIQ87Kz5pB6XLPTvCwF1ATwYdOI0lgGJ2zAji8wW4EDeT:1knh59:LAlF_V5-b6Si-T5W61_1K9GvBVWM2wJ2grRTT-wdTA4",
        "expire_date": "2020-12-25T11:59:31.691Z"
    }
},
{
    "model": "sessions.session",
    "pk": "66junce27vg4sk2wihgzte2h1ofbdaeh",
    "fields": {
        "session_data": ".eJxVjEEOwiAQRe_C2hCgMAWX7nsGwjCMVE2blHZlvLtt0oVu33v_v0VM21rj1soSRxJXocXll2HKzzIdgh5pus8yz9O6jCiPRJ62yWGm8rqd7d9BTa3ua2WtBaM09JbJ-o6DIQ87Kz5pB6XLPTvCwF1ATwYdOI0lgGJ2zAji8wW4EDeT:1kraJI:uEFuTYAsvUvvCana4XZNl8N-Qh7_blVEAJVk1C4Lo8g",
        "expire_date": "2021-01-05T05:34:12.853Z"
    }
},
{
    "model": "sessions.session",
    "pk": "8d4uwk8bhaqz9eza43a5wi3kvmm3e45t",
    "fields": {
        "session_data": "e30:1kr1s6:qQB68h6_7s-tJ6nIJql8HWZsNvi9NigN3g725xZrIN8",
        "expire_date": "2021-01-03T16:47:50.863Z"
    }
},
{
    "model": "sessions.session",
    "pk": "cpt1u9106w9imb0batmgu6mntavc9a0t",
    "fields": {
        "session_data": ".eJxVjEEOwiAQRe_C2hCgMAWX7nsGwjCMVE2blHZlvLtt0oVu33v_v0VM21rj1soSRxJXocXll2HKzzIdgh5pus8yz9O6jCiPRJ62yWGm8rqd7d9BTa3ua2WtBaM09JbJ-o6DIQ87Kz5pB6XLPTvCwF1ATwYdOI0lgGJ2zAji8wW4EDeT:1kq9kx:dzi6PAwdkHJth9nn0dJOw_b3s-kgJcYZpKJaBOjiOe4",
        "expire_date": "2021-01-01T07:00:51.353Z"
    }
},
{
    "model": "sessions.session",
    "pk": "h0knr579l6pwm9tscrqi6kj5xus0uv3p",
    "fields": {
        "session_data": ".eJxVjEEOwiAQRe_C2hCgMAWX7nsGwjCMVE2blHZlvLtt0oVu33v_v0VM21rj1soSRxJXocXll2HKzzIdgh5pus8yz9O6jCiPRJ62yWGm8rqd7d9BTa3ua2WtBaM09JbJ-o6DIQ87Kz5pB6XLPTvCwF1ATwYdOI0lgGJ2zAji8wW4EDeT:1kqFE6:vQrgr3iWb-dDAYCejWPGIlY3N4tng9aArsaR_MKN0I4",
        "expire_date": "2021-01-01T12:51:18.334Z"
    }
},
{
    "model": "sessions.session",
    "pk": "hp5cxmqy0mkxts2iq9cd7yzfgkxxle0h",
    "fields": {
        "session_data": ".eJxVjEEOwiAQRe_C2hCgMAWX7nsGwjCMVE2blHZlvLtt0oVu33v_v0VM21rj1soSRxJXocXll2HKzzIdgh5pus8yz9O6jCiPRJ62yWGm8rqd7d9BTa3ua2WtBaM09JbJ-o6DIQ87Kz5pB6XLPTvCwF1ATwYdOI0lgGJ2zAji8wW4EDeT:1kqA5w:oi0DczImdOpXsYBTpc-dfvizKjJw4JpUXpYE96VpbAU",
        "expire_date": "2021-01-01T07:22:32.385Z"
    }
},
{
    "model": "sessions.session",
    "pk": "i9w0a38mlu92m5yqp80es74ckt7xf1sq",
    "fields": {
        "session_data": "e30:1kreF7:DiO3wpmvxT1Vj8Or7E7mjAZfzZ3mtPUj685aMKRed5Q",
        "expire_date": "2021-01-05T09:46:09.287Z"
    }
},
{
    "model": "sessions.session",
    "pk": "iqwwbdy5896asbf3dwazxtfnxxwjm0l0",
    "fields": {
        "session_data": ".eJxVjEEOwiAQRe_C2hCgMAWX7nsGwjCMVE2blHZlvLtt0oVu33v_v0VM21rj1soSRxJXocXll2HKzzIdgh5pus8yz9O6jCiPRJ62yWGm8rqd7d9BTa3ua2WtBaM09JbJ-o6DIQ87Kz5pB6XLPTvCwF1ATwYdOI0lgGJ2zAji8wW4EDeT:1ktpYZ:NSeYPyASOTKeSof2gvkQIbJugIoQ_IqFbtZY94A_IXE",
        "expire_date": "2021-01-11T10:15:15.487Z"
    }
},
{
    "model": "sessions.session",
    "pk": "k4xvt3i5wsfuxsrn24fci12qr6x20gpb",
    "fields": {
        "session_data": ".eJxVjEEOwiAQRe_C2hCgMAWX7nsGwjCMVE2blHZlvLtt0oVu33v_v0VM21rj1soSRxJXocXll2HKzzIdgh5pus8yz9O6jCiPRJ62yWGm8rqd7d9BTa3ua2WtBaM09JbJ-o6DIQ87Kz5pB6XLPTvCwF1ATwYdOI0lgGJ2zAji8wW4EDeT:1kpPA9:VttLV6BYcd_W24LQ_vKlRUIDb_tL7HDZyhARJywAzV4",
        "expire_date": "2020-12-30T05:15:45.529Z"
    }
},
{
    "model": "sessions.session",
    "pk": "o5uequ0u58qmu7ite3r2ajotn8jfspu8",
    "fields": {
        "session_data": ".eJxVjEEOwiAQRe_C2hCgMAWX7nsGwjCMVE2blHZlvLtt0oVu33v_v0VM21rj1soSRxJXocXll2HKzzIdgh5pus8yz9O6jCiPRJ62yWGm8rqd7d9BTa3ua2WtBaM09JbJ-o6DIQ87Kz5pB6XLPTvCwF1ATwYdOI0lgGJ2zAji8wW4EDeT:1kto0Q:4-c7NUOce-72AXwZiacd1lyILexOYnxJLSV8z3DzG-U",
        "expire_date": "2021-01-11T08:35:54.684Z"
    }
},
{
    "model": "sessions.session",
    "pk": "rhptmrr5wmh5dkcd37qyi2aurng8t1ge",
    "fields": {
        "session_data": ".eJxVjEEOwiAQRe_C2hCgMAWX7nsGwjCMVE2blHZlvLtt0oVu33v_v0VM21rj1soSRxJXocXll2HKzzIdgh5pus8yz9O6jCiPRJ62yWGm8rqd7d9BTa3ua2WtBaM09JbJ-o6DIQ87Kz5pB6XLPTvCwF1ATwYdOI0lgGJ2zAji8wW4EDeT:1knkQm:Xeo2ZJiONMMYkK0q3P0Co1TgpGHNTaeNo_YAUe3IsMo",
        "expire_date": "2020-12-25T15:34:04.029Z"
    }
},
{
    "model": "sessions.session",
    "pk": "rl9fcv1yuz3igkpq8mym905cb3gm35a2",
    "fields": {
        "session_data": ".eJxVjEEOwiAQRe_C2hCgMAWX7nsGwjCMVE2blHZlvLtt0oVu33v_v0VM21rj1soSRxJXocXll2HKzzIdgh5pus8yz9O6jCiPRJ62yWGm8rqd7d9BTa3ua2WtBaM09JbJ-o6DIQ87Kz5pB6XLPTvCwF1ATwYdOI0lgGJ2zAji8wW4EDeT:1knKOQ:DL_Qzd47SxwYg7Ai_NbXbdsjUP9BrCZTkFDLhx8jd-c",
        "expire_date": "2020-12-24T11:45:54.414Z"
    }
},
{
    "model": "sessions.session",
    "pk": "uydn7kj5le2quqvp9idvgr4ro6ej46a7",
    "fields": {
        "session_data": ".eJxVjEEOwiAQRe_C2hCgMAWX7nsGwjCMVE2blHZlvLtt0oVu33v_v0VM21rj1soSRxJXocXll2HKzzIdgh5pus8yz9O6jCiPRJ62yWGm8rqd7d9BTa3ua2WtBaM09JbJ-o6DIQ87Kz5pB6XLPTvCwF1ATwYdOI0lgGJ2zAji8wW4EDeT:1kqUrl:WtRiAHQTjE1ew3ini47eCUvZfkdEVbCAa4bM9IEN5n4",
        "expire_date": "2021-01-02T05:33:17.182Z"
    }
},
{
    "model": "sessions.session",
    "pk": "wplwf0kem7z1vfsywgtwcp5917hmnlks",
    "fields": {
        "session_data": ".eJxVjEEOwiAQRe_C2hCgMAWX7nsGwjCMVE2blHZlvLtt0oVu33v_v0VM21rj1soSRxJXocXll2HKzzIdgh5pus8yz9O6jCiPRJ62yWGm8rqd7d9BTa3ua2WtBaM09JbJ-o6DIQ87Kz5pB6XLPTvCwF1ATwYdOI0lgGJ2zAji8wW4EDeT:1krlWQ:gLbMa6QUYGg_2MHRoSTkFvMpHG-QFm25kqIZqmUh8wM",
        "expire_date": "2021-01-05T17:32:30.643Z"
    }
},
{
    "model": "sessions.session",
    "pk": "yru7e7qbtkr9pa6fz160cdpadlmi4dwq",
    "fields": {
        "session_data": ".eJxVjEEOwiAQRe_C2hCgMAWX7nsGwjCMVE2blHZlvLtt0oVu33v_v0VM21rj1soSRxJXocXll2HKzzIdgh5pus8yz9O6jCiPRJ62yWGm8rqd7d9BTa3ua2WtBaM09JbJ-o6DIQ87Kz5pB6XLPTvCwF1ATwYdOI0lgGJ2zAji8wW4EDeT:1ksrwZ:3VSSvU3qj9gssKcUKqb4P406dEnaNx2Hc75Q_DT7ikU",
        "expire_date": "2021-01-08T18:36:03.086Z"
    }
},
{
    "model": "pages.team",
    "pk": 1,
    "fields": {
        "business": 4,
        "first_name": "Joe",
        "last_name": "Arugu",
        "designation": "Creative Director",
        "photo": "teams/2020/12/11/default-male.png",
        "facebook_link": "https://facebook.com",
        "twitter_link": "https://twitter.com",
        "instagram_link": "",
        "youtube_link": "",
        "linkedin_link": "",
        "is_active": true,
        "created_date": "2020-12-11T07:34:23.453Z"
    }
},
{
    "model": "pages.about",
    "pk": 1,
    "fields": {
        "business": 4,
        "description": "<p>Quis nostrud exercitation ullamco laboris nisi ut aliquip ex ea commodo consequat. Duis aute irure dolor in reprehenderit in voluptate velit esse cillum dolore eu fugiat nulla pariatur. Excepteur sint occaecat cupidatat non proident, sunt in culpa qui officia deserunt mollit anim id est laborum.</p>",
        "cover_image": "pages/2020/12/11/about-img.jpg",
        "why_us": "<p>Avone comes with easy-to-use interface and outstanding support. You can implement your own design. You can easily change the store&#39;s appearance as per your requirements using our ready sections and options available.You can implement your own design. You can easily change the store&#39;s appearance as per your requirements using our ready sections and options available.</p>",
        "our_vision": "<p>Vestibulum ultricies aliquam convallis. Maecenas ut tellus mi. Proin tincidunt, lectus eu volutpat mattis, ante metus lacinia tellus, vitae condimentum nulla enim bibendum nibh. Praesent turpis risus, interdum nec venenatis id, pretium sit amet purus. Interdum et malesuada fames ac ante ipsum primis in faucibus.</p>",
        "our_mission": "<p>Excepteur sint occaecat cupidatat non proident, sunt in culpa qui officia deserunt mollit anim id est laborum. sunt in culpa qui officia deserunt mollit anim id est laborum. sunt in culpa qui officia deserunt mollit anim id est laborum.</p>",
        "our_team": 1,
        "created_date": "2020-12-11T07:34:34.766Z"
    }
},
{
    "model": "pages.contact",
    "pk": 1,
    "fields": {
        "business": 4,
        "name": "Rathan Kumar",
        "email": "rathan.kumar049@gmail.com",
        "phone": "09619600049",
        "subject": "Test subject",
        "message": "<p>Test message</p>",
        "contacted_date": "2020-12-11T13:19:11Z"
    }
},
{
    "model": "category.category",
    "pk": 3,
    "fields": {
        "parent": null,
        "category_name": "Men",
        "slug": "men",
        "description": "",
        "cat_image": "store/categories/2020/12/11/mens-category.jpg",
        "is_active": true,
        "created_date": "2020-12-11T15:36:38.347Z",
        "lft": 1,
        "rght": 12,
        "tree_id": 1,
        "level": 0
    }
},
{
    "model": "category.category",
    "pk": 4,
    "fields": {
        "parent": null,
        "category_name": "Women",
        "slug": "women",
        "description": "",
        "cat_image": "store/categories/2020/12/11/womens-category.jpg",
        "is_active": true,
        "created_date": "2020-12-11T15:38:12.605Z",
        "lft": 1,
        "rght": 4,
        "tree_id": 2,
        "level": 0
    }
},
{
    "model": "category.category",
    "pk": 5,
    "fields": {
        "parent": null,
        "category_name": "Computers",
        "slug": "computers",
        "description": "",
        "cat_image": "store/categories/2020/12/11/lenovo-desktop-computer-500x500.jpg",
        "is_active": true,
        "created_date": "2020-12-11T15:38:31.283Z",
        "lft": 1,
        "rght": 4,
        "tree_id": 0,
        "level": 0
    }
},
{
    "model": "category.category",
    "pk": 6,
    "fields": {
        "parent": 3,
        "category_name": "Jeans",
        "slug": "jeans",
        "description": "",
        "cat_image": "store/categories/2020/12/11/jeans.jpg",
        "is_active": true,
        "created_date": "2020-12-11T15:39:05.037Z",
        "lft": 2,
        "rght": 3,
        "tree_id": 1,
        "level": 1
    }
},
{
    "model": "category.category",
    "pk": 7,
    "fields": {
        "parent": 3,
        "category_name": "Shirts",
        "slug": "shirts",
        "description": "",
        "cat_image": "store/categories/2020/12/16/store/categories/2020/12/16/store/categories/2020/12/11/shirts.jpg",
        "is_active": true,
        "created_date": "2020-12-11T15:39:25.649Z",
        "lft": 4,
        "rght": 7,
        "tree_id": 1,
        "level": 1
    }
},
{
    "model": "category.category",
    "pk": 8,
    "fields": {
        "parent": 5,
        "category_name": "Laptops",
        "slug": "laptops",
        "description": "",
        "cat_image": "store/categories/2020/12/11/Laptop-computer.jpg",
        "is_active": true,
        "created_date": "2020-12-11T15:42:27.835Z",
        "lft": 2,
        "rght": 3,
        "tree_id": 0,
        "level": 1
    }
},
{
    "model": "category.category",
    "pk": 9,
    "fields": {
        "parent": 4,
        "category_name": "Skirts",
        "slug": "skirts",
        "description": "",
        "cat_image": "store/categories/2020/12/11/womentop.jpg",
        "is_active": true,
        "created_date": "2020-12-11T15:43:07.387Z",
        "lft": 2,
        "rght": 3,
        "tree_id": 2,
        "level": 1
    }
},
{
    "model": "category.category",
    "pk": 10,
    "fields": {
        "parent": 7,
        "category_name": "Wrangler",
        "slug": "wrangler",
        "description": "",
        "cat_image": "store/categories/2020/12/11/Wrangler-Shirt.jpg",
        "is_active": true,
        "created_date": "2020-12-11T15:54:05.875Z",
        "lft": 5,
        "rght": 6,
        "tree_id": 1,
        "level": 2
    }
},
{
    "model": "category.category",
    "pk": 11,
    "fields": {
        "parent": 3,
        "category_name": "Shoes",
        "slug": "shoes",
        "description": "",
        "cat_image": "store/categories/2020/12/16/jordan-true-flight-basketball-shoes.jpg",
        "is_active": true,
        "created_date": "2020-12-16T10:59:07.856Z",
        "lft": 8,
        "rght": 9,
        "tree_id": 1,
        "level": 1
    }
},
{
    "model": "category.category",
    "pk": 12,
    "fields": {
        "parent": 3,
        "category_name": "T-Shirts",
        "slug": "t-shirts",
        "description": "",
        "cat_image": "store/categories/2020/12/19/T-Shirts_black.jpg",
        "is_active": true,
        "created_date": "2020-12-19T05:53:28.961Z",
        "lft": 10,
        "rght": 11,
        "tree_id": 1,
        "level": 1
    }
},
{
    "model": "accounts.user",
    "fields": {
        "password": "pbkdf2_sha256$216000$y9WUOw3OQViw$zi8WnOpEVyj8e/esls8TUjcphECVUMVUYT5rigmJ+kM=",
        "is_customer": false,
        "is_business": false,
        "is_regional_manager": false,
        "first_name": "Super",
        "last_name": "User",
        "username": "djangoadmin",
        "email": "developer.rathan@gmail.com",
        "phone_number": "9960844977",
        "gender": "male",
        "profile_picture": "accounts/2020/12/25/20171216_193632.png",
        "date_joined": "2020-12-10T11:45:43.362Z",
        "last_login": "2020-12-28T10:15:15.482Z",
        "created_date": "2020-12-10T11:45:43.362Z",
        "modified_date": "2020-12-24T20:30:33.098Z",
        "is_admin": true,
        "is_staff": true,
        "is_active": true,
        "is_superadmin": true
    }
},
{
    "model": "accounts.user",
    "fields": {
        "password": "pbkdf2_sha256$216000$895nIf4tvQNj$EM1cChm/dxzqnT7tWvmbj8pm5Xicu7NdDSCWlvSoaxg=",
        "is_customer": true,
        "is_business": false,
        "is_regional_manager": false,
        "first_name": "Sachin",
        "last_name": "Kumar",
        "username": "sachinkumar",
        "email": "sachin.poojary443@gmail.com",
        "phone_number": "1234567897",
        "gender": "male",
        "profile_picture": "accounts/2020/12/10/rathan_bi0XEJY.jpg",
        "date_joined": "2020-12-10T11:47:34.704Z",
        "last_login": "2020-12-10T11:47:34.704Z",
        "created_date": "2020-12-10T11:47:34.704Z",
        "modified_date": "2020-12-10T11:48:44.224Z",
        "is_admin": false,
        "is_staff": false,
        "is_active": true,
        "is_superadmin": false
    }
},
{
    "model": "accounts.user",
    "fields": {
        "password": "pbkdf2_sha256$216000$YhB2KU9AVlk8$+kId5HM1fONEAPRHLQtc5OvNDFnMAkNssV3+cviy2ZM=",
        "is_customer": false,
        "is_business": false,
        "is_regional_manager": true,
        "first_name": "Rashmi",
        "last_name": "Billava",
        "username": "rashmibillava",
        "email": "rashmi@gmail.com",
        "phone_number": "11111111111",
        "gender": "female",
        "profile_picture": "accounts/2020/12/10/default-female.png",
        "date_joined": "2020-12-10T11:49:10.222Z",
        "last_login": "2020-12-10T11:49:10.222Z",
        "created_date": "2020-12-10T11:49:10.222Z",
        "modified_date": "2020-12-10T11:49:40.041Z",
        "is_admin": false,
        "is_staff": false,
        "is_active": true,
        "is_superadmin": false
    }
},
{
    "model": "accounts.user",
    "fields": {
        "password": "pbkdf2_sha256$216000$15UzMawfUREl$PjZRXqgpAmTg9rqOlIhQDqBA58C9UQ6HtzHbGTAl3RI=",
        "is_customer": false,
        "is_business": true,
        "is_regional_manager": false,
        "first_name": "Umesh",
        "last_name": "Poojary",
        "username": "umesh_k",
        "email": "umesh@gmail.com",
        "phone_number": "3333333333",
        "gender": "male",
        "profile_picture": "accounts/2020/12/10/default-profile-picture.jpg",
        "date_joined": "2020-12-10T11:50:30.312Z",
        "last_login": "2020-12-10T11:50:30.312Z",
        "created_date": "2020-12-10T11:50:30.312Z",
        "modified_date": "2020-12-10T11:51:11.508Z",
        "is_admin": false,
        "is_staff": false,
        "is_active": true,
        "is_superadmin": false
    }
},
{
    "model": "accounts.user",
    "fields": {
        "password": "pbkdf2_sha256$216000$wihKResGrFIa$DRer2fD1GocoZuKFqLoafTargNoD3RohHWB00AK8izI=",
        "is_customer": false,
        "is_business": false,
        "is_regional_manager": false,
        "first_name": "Testbiz",
        "last_name": "Business",
        "username": "testbusiness",
        "email": "testbusiness@gmail.com",
        "phone_number": "8989897898",
        "gender": "male",
        "profile_picture": "accounts/2020/12/17/jordan-true-flight-basketball-shoes.jpg",
        "date_joined": "2020-12-17T14:21:58.022Z",
        "last_login": "2020-12-17T14:21:58.022Z",
        "created_date": "2020-12-17T14:21:58.022Z",
        "modified_date": "2020-12-17T14:22:44.461Z",
        "is_admin": false,
        "is_staff": false,
        "is_active": true,
        "is_superadmin": false
    }
},
{
    "model": "accounts.user",
    "fields": {
        "password": "pbkdf2_sha256$216000$7wX1mOnxnU7y$65SH8vmXZf5s1Hccz0dG9Xvw9Q5A0nNwqO5ZBAlFYUI=",
        "is_customer": true,
        "is_business": false,
        "is_regional_manager": false,
        "first_name": "Rathan",
        "last_name": "Kumar",
        "username": "rathan_kumar_dev",
        "email": "rathan.kumar492@gmail.com",
        "phone_number": "",
        "gender": "",
        "profile_picture": "default/default-user.png",
        "date_joined": "2020-12-24T20:31:53.510Z",
        "last_login": "2020-12-25T18:35:12.760Z",
        "created_date": "2020-12-24T20:31:53.510Z",
        "modified_date": "2020-12-25T18:25:47.937Z",
        "is_admin": false,
        "is_staff": false,
        "is_active": true,
        "is_superadmin": false
    }
},
{
    "model": "accounts.country",
    "pk": 1,
    "fields": {
        "country_name": "India"
    }
},
{
    "model": "accounts.state",
    "pk": 1,
    "fields": {
        "country": 1,
        "state_name": "Maharashtra"
    }
},
{
    "model": "accounts.regionalmanager",
    "pk": 3,
    "fields": {
        "regional_manager_id": "1581513",
        "country": 1,
        "state": 1,
        "city": "Mumbai",
        "pin_code": "400703",
        "address_line_1": "Andheri, Lane 09",
        "address_line_2": "",
        "date_of_joining": "2020-12-10"
    }
},
{
    "model": "accounts.business",
    "pk": 2,
    "fields": {
        "business_id": "2697082",
        "regional_manager": 3,
        "company_name": "Rathan Kumar",
        "domain_name": "test.com",
        "country": 1,
        "state": 1,
        "city": "Test",
        "pin_code": "789888",
        "address_line_1": "asdasdasd",
        "address_line_2": "Sector 34",
        "account_activation_date": "2020-12-18",
        "account_expiry_date": "2020-12-19"
    }
},
{
    "model": "accounts.business",
    "pk": 4,
    "fields": {
        "business_id": "2409814",
        "regional_manager": 3,
        "company_name": "Altocan",
        "domain_name": "127.0.0.1:8000",
        "country": 1,
        "state": 1,
        "city": "Mumbai",
        "pin_code": "400703",
        "address_line_1": "Andheri, Lane 09",
        "address_line_2": "",
        "account_activation_date": "2020-12-10",
        "account_expiry_date": "2020-12-26"
    }
},
{
    "model": "accounts.business",
    "pk": 5,
    "fields": {
        "business_id": "2243255",
        "regional_manager": 3,
        "company_name": "TestBiz",
        "domain_name": "google.com",
        "country": 1,
        "state": 1,
        "city": "Mumbai",
        "pin_code": "400703",
        "address_line_1": "Andheri, Lane 09",
        "address_line_2": "",
        "account_activation_date": "2020-12-17",
        "account_expiry_date": "2020-12-31"
    }
},
{
    "model": "products.product",
    "pk": 8,
    "fields": {
        "business": 4,
        "product_name": "Jordan Basketball Shoes",
        "slug": "jordan-basketball-shoes",
        "description": "",
        "price": "899.00",
        "image": "store/products/2020/12/16/jordan-true-flight-basketball-shoes_RjRClsz.jpg",
        "stock": 100,
        "is_available": true,
        "category": 11,
        "variant": "None",
        "is_new_arrival": false,
        "is_popular": false,
        "is_active": true,
        "created_date": "2020-12-16T10:59:26.334Z",
        "modified_date": "2020-12-16T12:20:23.614Z"
    }
},
{
    "model": "products.product",
    "pk": 9,
    "fields": {
        "business": 4,
        "product_name": "Wrangler T-shirt",
        "slug": "wrangler-t-shirt",
        "description": "This is wrangler t shirt",
        "price": "899.00",
        "image": "store/products/2020/12/16/Wrangler-Shirt_s1tjdrD.jpg",
        "stock": 8,
        "is_available": true,
        "category": 10,
        "variant": "None",
        "is_new_arrival": false,
        "is_popular": false,
        "is_active": true,
        "created_date": "2020-12-16T11:13:47.017Z",
        "modified_date": "2020-12-16T12:19:44.053Z"
    }
},
{
    "model": "products.product",
    "pk": 10,
    "fields": {
        "business": 4,
        "product_name": "ATX Jeans",
        "slug": "atx-jeans",
        "description": "Jeans",
        "price": "499.00",
        "image": "store/products/2020/12/16/US-Polo-Assn_Jacket.jpg",
        "stock": 50,
        "is_available": true,
        "category": 6,
        "variant": "None",
        "is_new_arrival": false,
        "is_popular": true,
        "is_active": true,
        "created_date": "2020-12-16T11:14:47.777Z",
        "modified_date": "2020-12-16T11:59:42.639Z"
    }
},
{
    "model": "products.product",
    "pk": 11,
    "fields": {
        "business": 4,
        "product_name": "Plain T-Shirt",
        "slug": "plain-t-shirt",
        "description": "",
        "price": "500.00",
        "image": "store/products/2020/12/19/T-Shirts_black.jpg",
        "stock": 100,
        "is_available": true,
        "category": 12,
        "variant": "Size-Color",
        "is_new_arrival": false,
        "is_popular": false,
        "is_active": true,
        "created_date": "2020-12-19T05:54:42.543Z",
        "modified_date": "2020-12-22T17:46:25.167Z"
    }
},
{
    "model": "products.productgallery",
    "pk": 2,
    "fields": {
        "product": 8,
        "image": "store/products/2020/12/16/jordan-true-flight-basketball-shoes_flx8IH7.jpg"
    }
},
{
    "model": "products.productgallery",
    "pk": 3,
    "fields": {
        "product": 8,
        "image": "store/products/2020/12/16/Puma-Ferrari-Shoes.jpg"
    }
},
{
    "model": "products.productgallery",
    "pk": 4,
    "fields": {
        "product": 8,
        "image": "store/products/2020/12/16/Mavi_jeans.jpg"
    }
},
{
    "model": "products.productgallery",
    "pk": 5,
    "fields": {
        "product": 8,
        "image": "store/products/2020/12/16/Wrangler-Shirt.jpg"
    }
},
{
    "model": "products.productgallery",
    "pk": 6,
    "fields": {
        "product": 9,
        "image": "store/products/2020/12/16/Wrangler-Shirt_chKQT1x.jpg"
    }
},
{
    "model": "products.productgallery",
    "pk": 7,
    "fields": {
        "product": 9,
        "image": "store/products/2020/12/16/Great-Tshirt_FfogAGF.jpg"
    }
},
{
    "model": "products.productgallery",
    "pk": 8,
    "fields": {
        "product": 9,
        "image": "store/products/2020/12/16/Blue-Shirt.jpg"
    }
},
{
    "model": "products.productgallery",
    "pk": 9,
    "fields": {
        "product": 10,
        "image": "store/products/2020/12/16/ATX-Jeans_G9lHx9Z.jpg"
    }
},
{
    "model": "products.productgallery",
    "pk": 10,
    "fields": {
        "product": 10,
        "image": "store/products/2020/12/16/Mavi_jeans_wL9dVLI.jpg"
    }
},
{
    "model": "products.productgallery",
    "pk": 11,
    "fields": {
        "product": 9,
        "image": "store/products/2020/12/16/US-Polo-Assn_Jacket_ysuxVBG.jpg"
    }
},
{
    "model": "products.productgallery",
    "pk": 12,
    "fields": {
        "product": 11,
        "image": "store/products/2020/12/19/T-Shirts_black_2sF7joH.jpg"
    }
},
{
    "model": "products.productgallery",
    "pk": 13,
    "fields": {
        "product": 11,
        "image": "store/products/2020/12/19/T-Shirts_Electric-blue.jpg"
    }
},
{
    "model": "products.productgallery",
    "pk": 14,
    "fields": {
        "product": 11,
        "image": "store/products/2020/12/19/T-Shirts-gray.jpg"
    }
},
{
    "model": "products.productgallery",
    "pk": 15,
    "fields": {
        "product": 11,
        "image": "store/products/2020/12/19/T-Shirts-white.jpg"
    }
},
{
    "model": "products.productgallery",
    "pk": 16,
    "fields": {
        "product": 11,
        "image": "store/products/2020/12/21/round-neck-t-shirt-500x500.jpg"
    }
},
{
    "model": "products.color",
    "pk": 1,
    "fields": {
        "name": "Amber",
        "code": "#FFBF00"
    }
},
{
    "model": "products.color",
    "pk": 2,
    "fields": {
        "name": "Baby blue",
        "code": "#89CFF0"
    }
},
{
    "model": "products.color",
    "pk": 3,
    "fields": {
        "name": "Blue",
        "code": "#0000FF"
    }
},
{
    "model": "products.color",
    "pk": 4,
    "fields": {
        "name": "Black",
        "code": "#000000"
    }
},
{
    "model": "products.color",
    "pk": 5,
    "fields": {
        "name": "Brown",
        "code": "#964B00"
    }
},
{
    "model": "products.color",
    "pk": 6,
    "fields": {
        "name": "Green",
        "code": "#00FF00"
    }
},
{
    "model": "products.color",
    "pk": 7,
    "fields": {
        "name": "White",
        "code": "#FFFFFF"
    }
},
{
    "model": "products.color",
    "pk": 8,
    "fields": {
        "name": "Red",
        "code": "#FF0000"
    }
},
{
    "model": "products.color",
    "pk": 9,
    "fields": {
        "name": "Gray",
        "code": "#808080"
    }
},
{
    "model": "products.size",
    "pk": 1,
    "fields": {
        "name": "S"
    }
},
{
    "model": "products.size",
    "pk": 2,
    "fields": {
        "name": "M"
    }
},
{
    "model": "products.size",
    "pk": 3,
    "fields": {
        "name": "L"
    }
},
{
    "model": "products.size",
    "pk": 4,
    "fields": {
        "name": "XL"
    }
},
{
    "model": "products.size",
    "pk": 5,
    "fields": {
        "name": "38"
    }
},
{
    "model": "products.size",
    "pk": 6,
    "fields": {
        "name": "40"
    }
},
{
    "model": "products.size",
    "pk": 7,
    "fields": {
        "name": "42"
    }
},
{
    "model": "products.size",
    "pk": 8,
    "fields": {
        "name": "5"
    }
},
{
    "model": "products.size",
    "pk": 9,
    "fields": {
        "name": "6"
    }
},
{
    "model": "products.size",
    "pk": 10,
    "fields": {
        "name": "7"
    }
},
{
    "model": "products.size",
    "pk": 11,
    "fields": {
        "name": "8"
    }
},
{
    "model": "products.size",
    "pk": 12,
    "fields": {
        "name": "9"
    }
},
{
    "model": "products.size",
    "pk": 13,
    "fields": {
        "name": "10"
    }
},
{
    "model": "products.variants",
    "pk": 1,
    "fields": {
        "title": "Plain T-Shirt Black",
        "product": 11,
        "color": 4,
        "size": 2,
        "image_id": 12,
        "quantity": 10,
        "price": "500.00"
    }
},
{
    "model": "products.variants",
    "pk": 2,
    "fields": {
        "title": "Plain T-Shirt Baby Blue",
        "product": 11,
        "color": 2,
        "size": 3,
        "image_id": 13,
        "quantity": 10,
        "price": "450.00"
    }
},
{
    "model": "products.variants",
    "pk": 3,
    "fields": {
        "title": "Plain T-Shirt White",
        "product": 11,
        "color": 7,
        "size": 3,
        "image_id": 15,
        "quantity": 20,
        "price": "300.00"
    }
},
{
    "model": "products.variants",
    "pk": 4,
    "fields": {
        "title": "Plain T-Shirt Grey",
        "product": 11,
        "color": 9,
        "size": 4,
        "image_id": 14,
        "quantity": 30,
        "price": "500.00"
    }
},
{
    "model": "products.variants",
    "pk": 5,
    "fields": {
        "title": "Plain T-Shirt Red",
        "product": 11,
        "color": 8,
        "size": 1,
        "image_id": 16,
        "quantity": 5,
        "price": "499.00"
    }
},
{
    "model": "products.variants",
    "pk": 6,
    "fields": {
        "title": "Plain T-Shirt Red",
        "product": 11,
        "color": 8,
        "size": 2,
        "image_id": 16,
        "quantity": 6,
        "price": "599.00"
    }
},
{
    "model": "carts.cart",
    "pk": 1,
    "fields": {
        "cart_id": "k4xvt3i5wsfuxsrn24fci12qr6x20gpb",
        "date_added": "2020-12-17"
    }
},
{
    "model": "carts.cart",
    "pk": 2,
    "fields": {
        "cart_id": "ep3e1oybwu1f6vj0en5mle7hb9may7at",
        "date_added": "2020-12-18"
    }
},
{
    "model": "carts.cart",
    "pk": 3,
    "fields": {
        "cart_id": "hp5cxmqy0mkxts2iq9cd7yzfgkxxle0h",
        "date_added": "2020-12-18"
    }
},
{
    "model": "carts.shopcart",
    "pk": 17,
    "fields": {
        "user": [
            "developer.rathan@gmail.com"
        ],
        "product": 11,
        "variant": 6,
        "quantity": 1
    }
},
{
    "model": "carts.shopcart",
    "pk": 18,
    "fields": {
        "user": [
            "developer.rathan@gmail.com"
        ],
        "product": 11,
        "variant": 5,
        "quantity": 1
    }
},
{
    "model": "carts.cartitem",
    "pk": 6,
    "fields": {
        "product": 10,
        "cart": 1,
        "quantity": 3,
        "note": "",
        "is_active": true
    }
},
{
    "model": "carts.cartitem",
    "pk": 7,
    "fields": {
        "product": 10,
        "cart": 2,
        "quantity": 1,
        "note": "",
        "is_active": true
    }
},
{
    "model": "carts.cartitem",
    "pk": 11,
    "fields": {
        "product": 8,
        "cart": 3,
        "quantity": 13,
        "note": "",
        "is_active": true
    }
},
{
    "model": "carts.cartitem",
    "pk": 12,
    "fields": {
        "product": 9,
        "cart": 3,
        "quantity": 5,
        "note": "",
        "is_active": true
    }
},
{
    "model": "carts.tax",
    "pk": 2,
    "fields": {
        "business": 4,
        "tax_percentage": "12.50"
    }
},
{
    "model": "carts.tax",
    "pk": 3,
    "fields": {
        "business": 5,
        "tax_percentage": "10.00"
    }
},
{
    "model": "newsletters.newsletteruser",
    "pk": 1,
    "fields": {
        "email": "rathan.kumar492@gmail.com",
        "date_added": "2020-12-26T12:07:55.412Z"
    }
},
{
    "model": "newsletters.newsletteruser",
    "pk": 2,
    "fields": {
        "email": "sachin.poojary443@gmail.com",
        "date_added": "2020-12-27T10:56:54.702Z"
    }
},
{
    "model": "admin.logentry",
    "pk": 1,
    "fields": {
        "action_time": "2020-12-10T11:47:34.704Z",
        "user": [
            "developer.rathan@gmail.com"
        ],
        "content_type": [
            "accounts",
            "user"
        ],
        "object_id": "2",
        "object_repr": "",
        "action_flag": 1,
        "change_message": "[{\"added\": {}}]"
    }
},
{
    "model": "admin.logentry",
    "pk": 2,
    "fields": {
        "action_time": "2020-12-10T11:48:09.413Z",
        "user": [
            "developer.rathan@gmail.com"
        ],
        "content_type": [
            "accounts",
            "user"
        ],
        "object_id": "2",
        "object_repr": "Sachin",
        "action_flag": 2,
        "change_message": "[{\"changed\": {\"fields\": [\"Is customer\", \"First name\", \"Last name\", \"Email\", \"Phone number\", \"Gender\", \"Is active\"]}}]"
    }
},
{
    "model": "admin.logentry",
    "pk": 3,
    "fields": {
        "action_time": "2020-12-10T11:48:44.225Z",
        "user": [
            "developer.rathan@gmail.com"
        ],
        "content_type": [
            "accounts",
            "user"
        ],
        "object_id": "2",
        "object_repr": "Sachin",
        "action_flag": 2,
        "change_message": "[{\"changed\": {\"fields\": [\"Profile picture\"]}}]"
    }
},
{
    "model": "admin.logentry",
    "pk": 4,
    "fields": {
        "action_time": "2020-12-10T11:49:10.222Z",
        "user": [
            "developer.rathan@gmail.com"
        ],
        "content_type": [
            "accounts",
            "user"
        ],
        "object_id": "3",
        "object_repr": "",
        "action_flag": 1,
        "change_message": "[{\"added\": {}}]"
    }
},
{
    "model": "admin.logentry",
    "pk": 5,
    "fields": {
        "action_time": "2020-12-10T11:49:40.042Z",
        "user": [
            "developer.rathan@gmail.com"
        ],
        "content_type": [
            "accounts",
            "user"
        ],
        "object_id": "3",
        "object_repr": "Rashmi",
        "action_flag": 2,
        "change_message": "[{\"changed\": {\"fields\": [\"Is regional manager\", \"First name\", \"Last name\", \"Email\", \"Phone number\", \"Gender\", \"Profile picture\", \"Is active\"]}}]"
    }
},
{
    "model": "admin.logentry",
    "pk": 6,
    "fields": {
        "action_time": "2020-12-10T11:50:30.312Z",
        "user": [
            "developer.rathan@gmail.com"
        ],
        "content_type": [
            "accounts",
            "user"
        ],
        "object_id": "4",
        "object_repr": "",
        "action_flag": 1,
        "change_message": "[{\"added\": {}}]"
    }
},
{
    "model": "admin.logentry",
    "pk": 7,
    "fields": {
        "action_time": "2020-12-10T11:51:11.510Z",
        "user": [
            "developer.rathan@gmail.com"
        ],
        "content_type": [
            "accounts",
            "user"
        ],
        "object_id": "4",
        "object_repr": "Umesh",
        "action_flag": 2,
        "change_message": "[{\"changed\": {\"fields\": [\"Is business\", \"First name\", \"Last name\", \"Email\", \"Phone number\", \"Gender\", \"Profile picture\", \"Is active\"]}}]"
    }
},
{
    "model": "admin.logentry",
    "pk": 8,
    "fields": {
        "action_time": "2020-12-10T11:51:48.761Z",
        "user": [
            "developer.rathan@gmail.com"
        ],
        "content_type": [
            "accounts",
            "country"
        ],
        "object_id": "1",
        "object_repr": "India",
        "action_flag": 1,
        "change_message": "[{\"added\": {}}]"
    }
},
{
    "model": "admin.logentry",
    "pk": 9,
    "fields": {
        "action_time": "2020-12-10T11:51:54.601Z",
        "user": [
            "developer.rathan@gmail.com"
        ],
        "content_type": [
            "accounts",
            "state"
        ],
        "object_id": "1",
        "object_repr": "Maharashtra",
        "action_flag": 1,
        "change_message": "[{\"added\": {}}]"
    }
},
{
    "model": "admin.logentry",
    "pk": 10,
    "fields": {
        "action_time": "2020-12-10T11:52:13.261Z",
        "user": [
            "developer.rathan@gmail.com"
        ],
        "content_type": [
            "accounts",
            "regionalmanager"
        ],
        "object_id": "3",
        "object_repr": "Rashmi",
        "action_flag": 1,
        "change_message": "[{\"added\": {}}]"
    }
},
{
    "model": "admin.logentry",
    "pk": 11,
    "fields": {
        "action_time": "2020-12-10T11:52:43.166Z",
        "user": [
            "developer.rathan@gmail.com"
        ],
        "content_type": [
            "accounts",
            "business"
        ],
        "object_id": "4",
        "object_repr": "Umesh Company",
        "action_flag": 1,
        "change_message": "[{\"added\": {}}]"
    }
},
{
    "model": "admin.logentry",
    "pk": 12,
    "fields": {
        "action_time": "2020-12-10T11:53:22.779Z",
        "user": [
            "developer.rathan@gmail.com"
        ],
        "content_type": [
            "category",
            "category"
        ],
        "object_id": "1",
        "object_repr": "Men",
        "action_flag": 1,
        "change_message": "[{\"added\": {}}]"
    }
},
{
    "model": "admin.logentry",
    "pk": 13,
    "fields": {
        "action_time": "2020-12-10T11:54:07.201Z",
        "user": [
            "developer.rathan@gmail.com"
        ],
        "content_type": [
            "category",
            "category"
        ],
        "object_id": "2",
        "object_repr": "Women",
        "action_flag": 1,
        "change_message": "[{\"added\": {}}]"
    }
},
{
    "model": "admin.logentry",
    "pk": 14,
    "fields": {
        "action_time": "2020-12-10T11:54:39.398Z",
        "user": [
            "developer.rathan@gmail.com"
        ],
        "content_type": [
            "category",
            "subcategory"
        ],
        "object_id": "1",
        "object_repr": "Shirts",
        "action_flag": 1,
        "change_message": "[{\"added\": {}}]"
    }
},
{
    "model": "admin.logentry",
    "pk": 15,
    "fields": {
        "action_time": "2020-12-10T11:55:34.423Z",
        "user": [
            "developer.rathan@gmail.com"
        ],
        "content_type": [
            "category",
            "subcategory"
        ],
        "object_id": "2",
        "object_repr": "Top",
        "action_flag": 1,
        "change_message": "[{\"added\": {}}]"
    }
},
{
    "model": "admin.logentry",
    "pk": 16,
    "fields": {
        "action_time": "2020-12-10T12:13:40.888Z",
        "user": [
            "developer.rathan@gmail.com"
        ],
        "content_type": [
            "products",
            "product"
        ],
        "object_id": "1",
        "object_repr": "Wrangler T-shirt",
        "action_flag": 1,
        "change_message": "[{\"added\": {}}]"
    }
},
{
    "model": "admin.logentry",
    "pk": 17,
    "fields": {
        "action_time": "2020-12-10T12:14:48.759Z",
        "user": [
            "developer.rathan@gmail.com"
        ],
        "content_type": [
            "products",
            "product"
        ],
        "object_id": "2",
        "object_repr": "Jack & Jones",
        "action_flag": 1,
        "change_message": "[{\"added\": {}}]"
    }
},
{
    "model": "admin.logentry",
    "pk": 18,
    "fields": {
        "action_time": "2020-12-10T12:15:32.545Z",
        "user": [
            "developer.rathan@gmail.com"
        ],
        "content_type": [
            "products",
            "product"
        ],
        "object_id": "3",
        "object_repr": "Pink top",
        "action_flag": 1,
        "change_message": "[{\"added\": {}}]"
    }
},
{
    "model": "admin.logentry",
    "pk": 19,
    "fields": {
        "action_time": "2020-12-10T12:20:08.920Z",
        "user": [
            "developer.rathan@gmail.com"
        ],
        "content_type": [
            "products",
            "product"
        ],
        "object_id": "4",
        "object_repr": "ATX Jeans",
        "action_flag": 1,
        "change_message": "[{\"added\": {}}]"
    }
},
{
    "model": "admin.logentry",
    "pk": 20,
    "fields": {
        "action_time": "2020-12-10T12:24:29.883Z",
        "user": [
            "developer.rathan@gmail.com"
        ],
        "content_type": [
            "accounts",
            "business"
        ],
        "object_id": "4",
        "object_repr": "Altocan",
        "action_flag": 2,
        "change_message": "[{\"changed\": {\"fields\": [\"Company name\"]}}]"
    }
},
{
    "model": "admin.logentry",
    "pk": 21,
    "fields": {
        "action_time": "2020-12-10T12:44:00.424Z",
        "user": [
            "developer.rathan@gmail.com"
        ],
        "content_type": [
            "products",
            "product"
        ],
        "object_id": "5",
        "object_repr": "Mavi Jeans",
        "action_flag": 1,
        "change_message": "[{\"added\": {}}]"
    }
},
{
    "model": "admin.logentry",
    "pk": 22,
    "fields": {
        "action_time": "2020-12-11T07:34:23.455Z",
        "user": [
            "developer.rathan@gmail.com"
        ],
        "content_type": [
            "pages",
            "team"
        ],
        "object_id": "1",
        "object_repr": "Joe",
        "action_flag": 1,
        "change_message": "[{\"added\": {}}]"
    }
},
{
    "model": "admin.logentry",
    "pk": 23,
    "fields": {
        "action_time": "2020-12-11T07:34:34.770Z",
        "user": [
            "developer.rathan@gmail.com"
        ],
        "content_type": [
            "pages",
            "about"
        ],
        "object_id": "1",
        "object_repr": "Altocan",
        "action_flag": 1,
        "change_message": "[{\"added\": {}}]"
    }
},
{
    "model": "admin.logentry",
    "pk": 24,
    "fields": {
        "action_time": "2020-12-11T07:49:33.347Z",
        "user": [
            "developer.rathan@gmail.com"
        ],
        "content_type": [
            "pages",
            "contact"
        ],
        "object_id": "1",
        "object_repr": "rathan.kumar049@gmail.com",
        "action_flag": 1,
        "change_message": "[{\"added\": {}}]"
    }
},
{
    "model": "admin.logentry",
    "pk": 25,
    "fields": {
        "action_time": "2020-12-11T09:59:32.667Z",
        "user": [
            "developer.rathan@gmail.com"
        ],
        "content_type": [
            "category",
            "subcategory"
        ],
        "object_id": "3",
        "object_repr": "Pant",
        "action_flag": 1,
        "change_message": "[{\"added\": {}}]"
    }
},
{
    "model": "admin.logentry",
    "pk": 26,
    "fields": {
        "action_time": "2020-12-11T09:59:57.989Z",
        "user": [
            "developer.rathan@gmail.com"
        ],
        "content_type": [
            "category",
            "subcategory"
        ],
        "object_id": "4",
        "object_repr": "Skirt",
        "action_flag": 1,
        "change_message": "[{\"added\": {}}]"
    }
},
{
    "model": "admin.logentry",
    "pk": 27,
    "fields": {
        "action_time": "2020-12-11T12:00:15.631Z",
        "user": [
            "developer.rathan@gmail.com"
        ],
        "content_type": [
            "category",
            "subcategory"
        ],
        "object_id": "5",
        "object_repr": "Mens Shoes",
        "action_flag": 1,
        "change_message": "[{\"added\": {}}]"
    }
},
{
    "model": "admin.logentry",
    "pk": 28,
    "fields": {
        "action_time": "2020-12-11T15:35:59.887Z",
        "user": [
            "developer.rathan@gmail.com"
        ],
        "content_type": [
            "category",
            "category"
        ],
        "object_id": "1",
        "object_repr": "Men-old",
        "action_flag": 2,
        "change_message": "[{\"changed\": {\"fields\": [\"Category name\", \"Slug\"]}}]"
    }
},
{
    "model": "admin.logentry",
    "pk": 29,
    "fields": {
        "action_time": "2020-12-11T15:36:38.369Z",
        "user": [
            "developer.rathan@gmail.com"
        ],
        "content_type": [
            "category",
            "category"
        ],
        "object_id": "3",
        "object_repr": "Men",
        "action_flag": 1,
        "change_message": "[{\"added\": {}}]"
    }
},
{
    "model": "admin.logentry",
    "pk": 30,
    "fields": {
        "action_time": "2020-12-11T15:37:06.528Z",
        "user": [
            "developer.rathan@gmail.com"
        ],
        "content_type": [
            "products",
            "product"
        ],
        "object_id": "5",
        "object_repr": "Mavi Jeans",
        "action_flag": 2,
        "change_message": "[{\"changed\": {\"fields\": [\"Category\"]}}]"
    }
},
{
    "model": "admin.logentry",
    "pk": 31,
    "fields": {
        "action_time": "2020-12-11T15:37:13.258Z",
        "user": [
            "developer.rathan@gmail.com"
        ],
        "content_type": [
            "products",
            "product"
        ],
        "object_id": "4",
        "object_repr": "ATX Jeans",
        "action_flag": 2,
        "change_message": "[{\"changed\": {\"fields\": [\"Category\"]}}]"
    }
},
{
    "model": "admin.logentry",
    "pk": 32,
    "fields": {
        "action_time": "2020-12-11T15:37:22.443Z",
        "user": [
            "developer.rathan@gmail.com"
        ],
        "content_type": [
            "products",
            "product"
        ],
        "object_id": "2",
        "object_repr": "Jack & Jones",
        "action_flag": 2,
        "change_message": "[{\"changed\": {\"fields\": [\"Category\"]}}]"
    }
},
{
    "model": "admin.logentry",
    "pk": 33,
    "fields": {
        "action_time": "2020-12-11T15:37:32.578Z",
        "user": [
            "developer.rathan@gmail.com"
        ],
        "content_type": [
            "products",
            "product"
        ],
        "object_id": "1",
        "object_repr": "Wrangler T-shirt",
        "action_flag": 2,
        "change_message": "[{\"changed\": {\"fields\": [\"Category\"]}}]"
    }
},
{
    "model": "admin.logentry",
    "pk": 34,
    "fields": {
        "action_time": "2020-12-11T15:37:48.191Z",
        "user": [
            "developer.rathan@gmail.com"
        ],
        "content_type": [
            "products",
            "product"
        ],
        "object_id": "3",
        "object_repr": "Pink top",
        "action_flag": 2,
        "change_message": "[{\"changed\": {\"fields\": [\"Category\"]}}]"
    }
},
{
    "model": "admin.logentry",
    "pk": 35,
    "fields": {
        "action_time": "2020-12-11T15:38:00.020Z",
        "user": [
            "developer.rathan@gmail.com"
        ],
        "content_type": [
            "category",
            "category"
        ],
        "object_id": "2",
        "object_repr": "Women",
        "action_flag": 3,
        "change_message": ""
    }
},
{
    "model": "admin.logentry",
    "pk": 36,
    "fields": {
        "action_time": "2020-12-11T15:38:00.035Z",
        "user": [
            "developer.rathan@gmail.com"
        ],
        "content_type": [
            "category",
            "category"
        ],
        "object_id": "1",
        "object_repr": "Men-old",
        "action_flag": 3,
        "change_message": ""
    }
},
{
    "model": "admin.logentry",
    "pk": 37,
    "fields": {
        "action_time": "2020-12-11T15:38:12.626Z",
        "user": [
            "developer.rathan@gmail.com"
        ],
        "content_type": [
            "category",
            "category"
        ],
        "object_id": "4",
        "object_repr": "Women",
        "action_flag": 1,
        "change_message": "[{\"added\": {}}]"
    }
},
{
    "model": "admin.logentry",
    "pk": 38,
    "fields": {
        "action_time": "2020-12-11T15:38:31.302Z",
        "user": [
            "developer.rathan@gmail.com"
        ],
        "content_type": [
            "category",
            "category"
        ],
        "object_id": "5",
        "object_repr": "Computers",
        "action_flag": 1,
        "change_message": "[{\"added\": {}}]"
    }
},
{
    "model": "admin.logentry",
    "pk": 39,
    "fields": {
        "action_time": "2020-12-11T15:39:05.056Z",
        "user": [
            "developer.rathan@gmail.com"
        ],
        "content_type": [
            "category",
            "category"
        ],
        "object_id": "6",
        "object_repr": "Jeans",
        "action_flag": 1,
        "change_message": "[{\"added\": {}}]"
    }
},
{
    "model": "admin.logentry",
    "pk": 40,
    "fields": {
        "action_time": "2020-12-11T15:39:25.664Z",
        "user": [
            "developer.rathan@gmail.com"
        ],
        "content_type": [
            "category",
            "category"
        ],
        "object_id": "7",
        "object_repr": "Shirts",
        "action_flag": 1,
        "change_message": "[{\"added\": {}}]"
    }
},
{
    "model": "admin.logentry",
    "pk": 41,
    "fields": {
        "action_time": "2020-12-11T15:42:27.869Z",
        "user": [
            "developer.rathan@gmail.com"
        ],
        "content_type": [
            "category",
            "category"
        ],
        "object_id": "8",
        "object_repr": "Laptops",
        "action_flag": 1,
        "change_message": "[{\"added\": {}}]"
    }
},
{
    "model": "admin.logentry",
    "pk": 42,
    "fields": {
        "action_time": "2020-12-11T15:43:07.404Z",
        "user": [
            "developer.rathan@gmail.com"
        ],
        "content_type": [
            "category",
            "category"
        ],
        "object_id": "9",
        "object_repr": "Skirts",
        "action_flag": 1,
        "change_message": "[{\"added\": {}}]"
    }
},
{
    "model": "admin.logentry",
    "pk": 43,
    "fields": {
        "action_time": "2020-12-11T15:43:18.887Z",
        "user": [
            "developer.rathan@gmail.com"
        ],
        "content_type": [
            "products",
            "product"
        ],
        "object_id": "3",
        "object_repr": "Pink top",
        "action_flag": 2,
        "change_message": "[{\"changed\": {\"fields\": [\"Category\"]}}]"
    }
},
{
    "model": "admin.logentry",
    "pk": 44,
    "fields": {
        "action_time": "2020-12-11T15:54:05.893Z",
        "user": [
            "developer.rathan@gmail.com"
        ],
        "content_type": [
            "category",
            "category"
        ],
        "object_id": "10",
        "object_repr": "Wrangler",
        "action_flag": 1,
        "change_message": "[{\"added\": {}}]"
    }
},
{
    "model": "admin.logentry",
    "pk": 45,
    "fields": {
        "action_time": "2020-12-16T05:21:46.668Z",
        "user": [
            "developer.rathan@gmail.com"
        ],
        "content_type": [
            "products",
            "product"
        ],
        "object_id": "6",
        "object_repr": "ATX Jeans New",
        "action_flag": 1,
        "change_message": "[{\"added\": {}}]"
    }
},
{
    "model": "admin.logentry",
    "pk": 46,
    "fields": {
        "action_time": "2020-12-16T05:22:31.824Z",
        "user": [
            "developer.rathan@gmail.com"
        ],
        "content_type": [
            "products",
            "product"
        ],
        "object_id": "7",
        "object_repr": "Jack & Jones Shirt",
        "action_flag": 1,
        "change_message": "[{\"added\": {}}]"
    }
},
{
    "model": "admin.logentry",
    "pk": 47,
    "fields": {
        "action_time": "2020-12-16T05:23:18.696Z",
        "user": [
            "developer.rathan@gmail.com"
        ],
        "content_type": [
            "category",
            "category"
        ],
        "object_id": "7",
        "object_repr": "Shirts",
        "action_flag": 2,
        "change_message": "[{\"changed\": {\"fields\": [\"parent\", \"lft\", \"rght\", \"level\"]}}]"
    }
},
{
    "model": "admin.logentry",
    "pk": 48,
    "fields": {
        "action_time": "2020-12-16T05:24:02.770Z",
        "user": [
            "developer.rathan@gmail.com"
        ],
        "content_type": [
            "category",
            "category"
        ],
        "object_id": "7",
        "object_repr": "Shirts",
        "action_flag": 2,
        "change_message": "[{\"changed\": {\"fields\": [\"Parent\"]}}]"
    }
},
{
    "model": "admin.logentry",
    "pk": 49,
    "fields": {
        "action_time": "2020-12-16T08:00:59.224Z",
        "user": [
            "developer.rathan@gmail.com"
        ],
        "content_type": [
            "products",
            "product"
        ],
        "object_id": "7",
        "object_repr": "Jack & Jones Shirt",
        "action_flag": 2,
        "change_message": "[{\"changed\": {\"fields\": [\"Is active\"]}}]"
    }
},
{
    "model": "admin.logentry",
    "pk": 50,
    "fields": {
        "action_time": "2020-12-16T08:05:47.633Z",
        "user": [
            "developer.rathan@gmail.com"
        ],
        "content_type": [
            "products",
            "product"
        ],
        "object_id": "6",
        "object_repr": "ATX Jeans New",
        "action_flag": 2,
        "change_message": "[{\"changed\": {\"fields\": [\"Image\"]}}]"
    }
},
{
    "model": "admin.logentry",
    "pk": 51,
    "fields": {
        "action_time": "2020-12-16T08:07:17.901Z",
        "user": [
            "developer.rathan@gmail.com"
        ],
        "content_type": [
            "products",
            "product"
        ],
        "object_id": "6",
        "object_repr": "ATX Jeans New",
        "action_flag": 2,
        "change_message": "[{\"changed\": {\"fields\": [\"Is active\"]}}]"
    }
},
{
    "model": "admin.logentry",
    "pk": 52,
    "fields": {
        "action_time": "2020-12-16T08:07:42.894Z",
        "user": [
            "developer.rathan@gmail.com"
        ],
        "content_type": [
            "products",
            "product"
        ],
        "object_id": "7",
        "object_repr": "Jack & Jones Shirt",
        "action_flag": 2,
        "change_message": "[{\"changed\": {\"fields\": [\"Is active\"]}}]"
    }
},
{
    "model": "admin.logentry",
    "pk": 53,
    "fields": {
        "action_time": "2020-12-16T10:51:52.122Z",
        "user": [
            "developer.rathan@gmail.com"
        ],
        "content_type": [
            "products",
            "product"
        ],
        "object_id": "2",
        "object_repr": "Jack & Jones",
        "action_flag": 2,
        "change_message": "[{\"added\": {\"name\": \"productgallery\", \"object\": \"Jack & Jones\"}}]"
    }
},
{
    "model": "admin.logentry",
    "pk": 54,
    "fields": {
        "action_time": "2020-12-16T10:59:07.892Z",
        "user": [
            "developer.rathan@gmail.com"
        ],
        "content_type": [
            "category",
            "category"
        ],
        "object_id": "11",
        "object_repr": "Men / Shoes",
        "action_flag": 1,
        "change_message": "[{\"added\": {}}]"
    }
},
{
    "model": "admin.logentry",
    "pk": 55,
    "fields": {
        "action_time": "2020-12-16T10:59:26.377Z",
        "user": [
            "developer.rathan@gmail.com"
        ],
        "content_type": [
            "products",
            "product"
        ],
        "object_id": "8",
        "object_repr": "Jordan Basketball Shoes",
        "action_flag": 1,
        "change_message": "[{\"added\": {}}, {\"added\": {\"name\": \"productgallery\", \"object\": \"Jordan Basketball Shoes\"}}, {\"added\": {\"name\": \"productgallery\", \"object\": \"Jordan Basketball Shoes\"}}, {\"added\": {\"name\": \"productgallery\", \"object\": \"Jordan Basketball Shoes\"}}]"
    }
},
{
    "model": "admin.logentry",
    "pk": 56,
    "fields": {
        "action_time": "2020-12-16T10:59:45.689Z",
        "user": [
            "developer.rathan@gmail.com"
        ],
        "content_type": [
            "products",
            "product"
        ],
        "object_id": "8",
        "object_repr": "Jordan Basketball Shoes",
        "action_flag": 2,
        "change_message": "[]"
    }
},
{
    "model": "admin.logentry",
    "pk": 57,
    "fields": {
        "action_time": "2020-12-16T11:01:41.801Z",
        "user": [
            "developer.rathan@gmail.com"
        ],
        "content_type": [
            "products",
            "product"
        ],
        "object_id": "8",
        "object_repr": "Jordan Basketball Shoes",
        "action_flag": 2,
        "change_message": "[{\"added\": {\"name\": \"productgallery\", \"object\": \"Jordan Basketball Shoes\"}}]"
    }
},
{
    "model": "admin.logentry",
    "pk": 58,
    "fields": {
        "action_time": "2020-12-16T11:03:13.934Z",
        "user": [
            "developer.rathan@gmail.com"
        ],
        "content_type": [
            "products",
            "product"
        ],
        "object_id": "7",
        "object_repr": "Jack & Jones Shirt",
        "action_flag": 3,
        "change_message": ""
    }
},
{
    "model": "admin.logentry",
    "pk": 59,
    "fields": {
        "action_time": "2020-12-16T11:03:13.947Z",
        "user": [
            "developer.rathan@gmail.com"
        ],
        "content_type": [
            "products",
            "product"
        ],
        "object_id": "6",
        "object_repr": "ATX Jeans New",
        "action_flag": 3,
        "change_message": ""
    }
},
{
    "model": "admin.logentry",
    "pk": 60,
    "fields": {
        "action_time": "2020-12-16T11:03:13.949Z",
        "user": [
            "developer.rathan@gmail.com"
        ],
        "content_type": [
            "products",
            "product"
        ],
        "object_id": "5",
        "object_repr": "Mavi Jeans",
        "action_flag": 3,
        "change_message": ""
    }
},
{
    "model": "admin.logentry",
    "pk": 61,
    "fields": {
        "action_time": "2020-12-16T11:03:13.950Z",
        "user": [
            "developer.rathan@gmail.com"
        ],
        "content_type": [
            "products",
            "product"
        ],
        "object_id": "4",
        "object_repr": "ATX Jeans",
        "action_flag": 3,
        "change_message": ""
    }
},
{
    "model": "admin.logentry",
    "pk": 62,
    "fields": {
        "action_time": "2020-12-16T11:03:13.951Z",
        "user": [
            "developer.rathan@gmail.com"
        ],
        "content_type": [
            "products",
            "product"
        ],
        "object_id": "3",
        "object_repr": "Pink top",
        "action_flag": 3,
        "change_message": ""
    }
},
{
    "model": "admin.logentry",
    "pk": 63,
    "fields": {
        "action_time": "2020-12-16T11:03:13.952Z",
        "user": [
            "developer.rathan@gmail.com"
        ],
        "content_type": [
            "products",
            "product"
        ],
        "object_id": "2",
        "object_repr": "Jack & Jones",
        "action_flag": 3,
        "change_message": ""
    }
},
{
    "model": "admin.logentry",
    "pk": 64,
    "fields": {
        "action_time": "2020-12-16T11:03:13.953Z",
        "user": [
            "developer.rathan@gmail.com"
        ],
        "content_type": [
            "products",
            "product"
        ],
        "object_id": "1",
        "object_repr": "Wrangler T-shirt",
        "action_flag": 3,
        "change_message": ""
    }
},
{
    "model": "admin.logentry",
    "pk": 65,
    "fields": {
        "action_time": "2020-12-16T11:13:47.047Z",
        "user": [
            "developer.rathan@gmail.com"
        ],
        "content_type": [
            "products",
            "product"
        ],
        "object_id": "9",
        "object_repr": "Wrangler T-shirt",
        "action_flag": 1,
        "change_message": "[{\"added\": {}}, {\"added\": {\"name\": \"productgallery\", \"object\": \"Wrangler T-shirt\"}}, {\"added\": {\"name\": \"productgallery\", \"object\": \"Wrangler T-shirt\"}}, {\"added\": {\"name\": \"productgallery\", \"object\": \"Wrangler T-shirt\"}}]"
    }
},
{
    "model": "admin.logentry",
    "pk": 66,
    "fields": {
        "action_time": "2020-12-16T11:14:47.818Z",
        "user": [
            "developer.rathan@gmail.com"
        ],
        "content_type": [
            "products",
            "product"
        ],
        "object_id": "10",
        "object_repr": "ATX Jeans",
        "action_flag": 1,
        "change_message": "[{\"added\": {}}, {\"added\": {\"name\": \"productgallery\", \"object\": \"ATX Jeans\"}}, {\"added\": {\"name\": \"productgallery\", \"object\": \"ATX Jeans\"}}]"
    }
},
{
    "model": "admin.logentry",
    "pk": 67,
    "fields": {
        "action_time": "2020-12-16T11:18:18.538Z",
        "user": [
            "developer.rathan@gmail.com"
        ],
        "content_type": [
            "products",
            "product"
        ],
        "object_id": "8",
        "object_repr": "Jordan Basketball Shoes",
        "action_flag": 2,
        "change_message": "[{\"changed\": {\"fields\": [\"Image\"]}}]"
    }
},
{
    "model": "admin.logentry",
    "pk": 68,
    "fields": {
        "action_time": "2020-12-16T11:18:37.537Z",
        "user": [
            "developer.rathan@gmail.com"
        ],
        "content_type": [
            "products",
            "product"
        ],
        "object_id": "8",
        "object_repr": "Jordan Basketball Shoes",
        "action_flag": 2,
        "change_message": "[]"
    }
},
{
    "model": "admin.logentry",
    "pk": 69,
    "fields": {
        "action_time": "2020-12-16T11:25:17.513Z",
        "user": [
            "developer.rathan@gmail.com"
        ],
        "content_type": [
            "products",
            "product"
        ],
        "object_id": "9",
        "object_repr": "Wrangler T-shirt",
        "action_flag": 2,
        "change_message": "[]"
    }
},
{
    "model": "admin.logentry",
    "pk": 70,
    "fields": {
        "action_time": "2020-12-16T11:25:30.229Z",
        "user": [
            "developer.rathan@gmail.com"
        ],
        "content_type": [
            "products",
            "product"
        ],
        "object_id": "9",
        "object_repr": "Wrangler T-shirt",
        "action_flag": 2,
        "change_message": "[]"
    }
},
{
    "model": "admin.logentry",
    "pk": 71,
    "fields": {
        "action_time": "2020-12-16T11:27:16.707Z",
        "user": [
            "developer.rathan@gmail.com"
        ],
        "content_type": [
            "products",
            "product"
        ],
        "object_id": "9",
        "object_repr": "Wrangler T-shirt",
        "action_flag": 2,
        "change_message": "[]"
    }
},
{
    "model": "admin.logentry",
    "pk": 72,
    "fields": {
        "action_time": "2020-12-16T11:27:25.708Z",
        "user": [
            "developer.rathan@gmail.com"
        ],
        "content_type": [
            "products",
            "product"
        ],
        "object_id": "8",
        "object_repr": "Jordan Basketball Shoes",
        "action_flag": 2,
        "change_message": "[]"
    }
},
{
    "model": "admin.logentry",
    "pk": 73,
    "fields": {
        "action_time": "2020-12-16T11:52:47.521Z",
        "user": [
            "developer.rathan@gmail.com"
        ],
        "content_type": [
            "products",
            "product"
        ],
        "object_id": "10",
        "object_repr": "ATX Jeans",
        "action_flag": 2,
        "change_message": "[]"
    }
},
{
    "model": "admin.logentry",
    "pk": 74,
    "fields": {
        "action_time": "2020-12-16T11:56:31.409Z",
        "user": [
            "developer.rathan@gmail.com"
        ],
        "content_type": [
            "products",
            "product"
        ],
        "object_id": "8",
        "object_repr": "Jordan Basketball Shoes",
        "action_flag": 2,
        "change_message": "[{\"changed\": {\"fields\": [\"Image\"]}}]"
    }
},
{
    "model": "admin.logentry",
    "pk": 75,
    "fields": {
        "action_time": "2020-12-16T11:56:39.579Z",
        "user": [
            "developer.rathan@gmail.com"
        ],
        "content_type": [
            "products",
            "product"
        ],
        "object_id": "8",
        "object_repr": "Jordan Basketball Shoes",
        "action_flag": 2,
        "change_message": "[]"
    }
},
{
    "model": "admin.logentry",
    "pk": 76,
    "fields": {
        "action_time": "2020-12-16T11:56:46.042Z",
        "user": [
            "developer.rathan@gmail.com"
        ],
        "content_type": [
            "products",
            "product"
        ],
        "object_id": "8",
        "object_repr": "Jordan Basketball Shoes",
        "action_flag": 2,
        "change_message": "[]"
    }
},
{
    "model": "admin.logentry",
    "pk": 77,
    "fields": {
        "action_time": "2020-12-16T11:58:05.622Z",
        "user": [
            "developer.rathan@gmail.com"
        ],
        "content_type": [
            "products",
            "product"
        ],
        "object_id": "8",
        "object_repr": "Jordan Basketball Shoes",
        "action_flag": 2,
        "change_message": "[{\"changed\": {\"fields\": [\"Image\"]}}]"
    }
},
{
    "model": "admin.logentry",
    "pk": 78,
    "fields": {
        "action_time": "2020-12-16T11:58:12.250Z",
        "user": [
            "developer.rathan@gmail.com"
        ],
        "content_type": [
            "products",
            "product"
        ],
        "object_id": "8",
        "object_repr": "Jordan Basketball Shoes",
        "action_flag": 2,
        "change_message": "[]"
    }
},
{
    "model": "admin.logentry",
    "pk": 79,
    "fields": {
        "action_time": "2020-12-16T11:58:23.283Z",
        "user": [
            "developer.rathan@gmail.com"
        ],
        "content_type": [
            "products",
            "product"
        ],
        "object_id": "8",
        "object_repr": "Jordan Basketball Shoes",
        "action_flag": 2,
        "change_message": "[]"
    }
},
{
    "model": "admin.logentry",
    "pk": 80,
    "fields": {
        "action_time": "2020-12-16T11:58:34.803Z",
        "user": [
            "developer.rathan@gmail.com"
        ],
        "content_type": [
            "products",
            "product"
        ],
        "object_id": "8",
        "object_repr": "Jordan Basketball Shoes",
        "action_flag": 2,
        "change_message": "[]"
    }
},
{
    "model": "admin.logentry",
    "pk": 81,
    "fields": {
        "action_time": "2020-12-16T11:59:34.829Z",
        "user": [
            "developer.rathan@gmail.com"
        ],
        "content_type": [
            "products",
            "product"
        ],
        "object_id": "10",
        "object_repr": "ATX Jeans",
        "action_flag": 2,
        "change_message": "[{\"changed\": {\"fields\": [\"Image\"]}}]"
    }
},
{
    "model": "admin.logentry",
    "pk": 82,
    "fields": {
        "action_time": "2020-12-16T11:59:42.641Z",
        "user": [
            "developer.rathan@gmail.com"
        ],
        "content_type": [
            "products",
            "product"
        ],
        "object_id": "10",
        "object_repr": "ATX Jeans",
        "action_flag": 2,
        "change_message": "[]"
    }
},
{
    "model": "admin.logentry",
    "pk": 83,
    "fields": {
        "action_time": "2020-12-16T12:00:20.729Z",
        "user": [
            "developer.rathan@gmail.com"
        ],
        "content_type": [
            "products",
            "product"
        ],
        "object_id": "9",
        "object_repr": "Wrangler T-shirt",
        "action_flag": 2,
        "change_message": "[{\"changed\": {\"fields\": [\"Image\"]}}]"
    }
},
{
    "model": "admin.logentry",
    "pk": 84,
    "fields": {
        "action_time": "2020-12-16T12:00:29.153Z",
        "user": [
            "developer.rathan@gmail.com"
        ],
        "content_type": [
            "products",
            "product"
        ],
        "object_id": "9",
        "object_repr": "Wrangler T-shirt",
        "action_flag": 2,
        "change_message": "[{\"added\": {\"name\": \"productgallery\", \"object\": \"Wrangler T-shirt\"}}]"
    }
},
{
    "model": "admin.logentry",
    "pk": 85,
    "fields": {
        "action_time": "2020-12-16T12:01:21.604Z",
        "user": [
            "developer.rathan@gmail.com"
        ],
        "content_type": [
            "products",
            "product"
        ],
        "object_id": "9",
        "object_repr": "Wrangler T-shirt",
        "action_flag": 2,
        "change_message": "[{\"changed\": {\"fields\": [\"Stock\"]}}]"
    }
},
{
    "model": "admin.logentry",
    "pk": 86,
    "fields": {
        "action_time": "2020-12-16T12:03:36.576Z",
        "user": [
            "developer.rathan@gmail.com"
        ],
        "content_type": [
            "products",
            "product"
        ],
        "object_id": "9",
        "object_repr": "Wrangler T-shirt",
        "action_flag": 2,
        "change_message": "[{\"changed\": {\"fields\": [\"Stock\"]}}]"
    }
},
{
    "model": "admin.logentry",
    "pk": 87,
    "fields": {
        "action_time": "2020-12-16T12:04:51.016Z",
        "user": [
            "developer.rathan@gmail.com"
        ],
        "content_type": [
            "products",
            "product"
        ],
        "object_id": "9",
        "object_repr": "Wrangler T-shirt",
        "action_flag": 2,
        "change_message": "[{\"changed\": {\"fields\": [\"Stock\"]}}]"
    }
},
{
    "model": "admin.logentry",
    "pk": 88,
    "fields": {
        "action_time": "2020-12-16T12:08:33.955Z",
        "user": [
            "developer.rathan@gmail.com"
        ],
        "content_type": [
            "products",
            "product"
        ],
        "object_id": "9",
        "object_repr": "Wrangler T-shirt",
        "action_flag": 2,
        "change_message": "[{\"changed\": {\"fields\": [\"Stock\"]}}]"
    }
},
{
    "model": "admin.logentry",
    "pk": 89,
    "fields": {
        "action_time": "2020-12-16T12:19:44.055Z",
        "user": [
            "developer.rathan@gmail.com"
        ],
        "content_type": [
            "products",
            "product"
        ],
        "object_id": "9",
        "object_repr": "Wrangler T-shirt",
        "action_flag": 2,
        "change_message": "[{\"changed\": {\"fields\": [\"Stock\"]}}]"
    }
},
{
    "model": "admin.logentry",
    "pk": 90,
    "fields": {
        "action_time": "2020-12-16T12:20:23.614Z",
        "user": [
            "developer.rathan@gmail.com"
        ],
        "content_type": [
            "products",
            "product"
        ],
        "object_id": "8",
        "object_repr": "Jordan Basketball Shoes",
        "action_flag": 2,
        "change_message": "[]"
    }
},
{
    "model": "admin.logentry",
    "pk": 91,
    "fields": {
        "action_time": "2020-12-17T14:04:16.846Z",
        "user": [
            "developer.rathan@gmail.com"
        ],
        "content_type": [
            "carts",
            "tax"
        ],
        "object_id": "2",
        "object_repr": "Tax object (2)",
        "action_flag": 1,
        "change_message": "[{\"added\": {}}]"
    }
},
{
    "model": "admin.logentry",
    "pk": 92,
    "fields": {
        "action_time": "2020-12-17T14:21:58.027Z",
        "user": [
            "developer.rathan@gmail.com"
        ],
        "content_type": [
            "accounts",
            "user"
        ],
        "object_id": "5",
        "object_repr": "",
        "action_flag": 1,
        "change_message": "[{\"added\": {}}]"
    }
},
{
    "model": "admin.logentry",
    "pk": 93,
    "fields": {
        "action_time": "2020-12-17T14:22:44.463Z",
        "user": [
            "developer.rathan@gmail.com"
        ],
        "content_type": [
            "accounts",
            "user"
        ],
        "object_id": "5",
        "object_repr": "Testbiz",
        "action_flag": 2,
        "change_message": "[{\"changed\": {\"fields\": [\"First name\", \"Last name\", \"Email\", \"Phone number\", \"Gender\", \"Profile picture\", \"Is active\"]}}]"
    }
},
{
    "model": "admin.logentry",
    "pk": 94,
    "fields": {
        "action_time": "2020-12-17T14:23:18.133Z",
        "user": [
            "developer.rathan@gmail.com"
        ],
        "content_type": [
            "accounts",
            "business"
        ],
        "object_id": "5",
        "object_repr": "TestBiz",
        "action_flag": 1,
        "change_message": "[{\"added\": {}}]"
    }
},
{
    "model": "admin.logentry",
    "pk": 95,
    "fields": {
        "action_time": "2020-12-17T14:24:23.392Z",
        "user": [
            "developer.rathan@gmail.com"
        ],
        "content_type": [
            "carts",
            "tax"
        ],
        "object_id": "3",
        "object_repr": "Tax object (3)",
        "action_flag": 1,
        "change_message": "[{\"added\": {}}]"
    }
},
{
    "model": "admin.logentry",
    "pk": 96,
    "fields": {
        "action_time": "2020-12-17T17:13:44.271Z",
        "user": [
            "developer.rathan@gmail.com"
        ],
        "content_type": [
            "accounts",
            "business"
        ],
        "object_id": "4",
        "object_repr": "Altocan",
        "action_flag": 2,
        "change_message": "[{\"changed\": {\"fields\": [\"Website url\"]}}]"
    }
},
{
    "model": "admin.logentry",
    "pk": 97,
    "fields": {
        "action_time": "2020-12-17T17:15:31.275Z",
        "user": [
            "developer.rathan@gmail.com"
        ],
        "content_type": [
            "accounts",
            "business"
        ],
        "object_id": "5",
        "object_repr": "TestBiz",
        "action_flag": 2,
        "change_message": "[{\"changed\": {\"fields\": [\"Website url\"]}}]"
    }
},
{
    "model": "admin.logentry",
    "pk": 98,
    "fields": {
        "action_time": "2020-12-18T07:03:30.161Z",
        "user": [
            "developer.rathan@gmail.com"
        ],
        "content_type": [
            "accounts",
            "business"
        ],
        "object_id": "4",
        "object_repr": "Altocan",
        "action_flag": 2,
        "change_message": "[{\"changed\": {\"fields\": [\"Domain name\"]}}]"
    }
},
{
    "model": "admin.logentry",
    "pk": 99,
    "fields": {
        "action_time": "2020-12-18T07:04:29.214Z",
        "user": [
            "developer.rathan@gmail.com"
        ],
        "content_type": [
            "accounts",
            "business"
        ],
        "object_id": "5",
        "object_repr": "TestBiz",
        "action_flag": 2,
        "change_message": "[{\"changed\": {\"fields\": [\"Domain name\"]}}]"
    }
},
{
    "model": "admin.logentry",
    "pk": 100,
    "fields": {
        "action_time": "2020-12-18T07:05:05.504Z",
        "user": [
            "developer.rathan@gmail.com"
        ],
        "content_type": [
            "accounts",
            "business"
        ],
        "object_id": "2",
        "object_repr": "Rathan Kumar",
        "action_flag": 1,
        "change_message": "[{\"added\": {}}]"
    }
},
{
    "model": "admin.logentry",
    "pk": 101,
    "fields": {
        "action_time": "2020-12-18T07:22:42.570Z",
        "user": [
            "developer.rathan@gmail.com"
        ],
        "content_type": [
            "carts",
            "tax"
        ],
        "object_id": "2",
        "object_repr": "Tax object (2)",
        "action_flag": 2,
        "change_message": "[{\"changed\": {\"fields\": [\"Tax (%)\"]}}]"
    }
},
{
    "model": "admin.logentry",
    "pk": 102,
    "fields": {
        "action_time": "2020-12-18T07:26:13.222Z",
        "user": [
            "developer.rathan@gmail.com"
        ],
        "content_type": [
            "carts",
            "tax"
        ],
        "object_id": "2",
        "object_repr": "Tax object (2)",
        "action_flag": 2,
        "change_message": "[{\"changed\": {\"fields\": [\"Tax (%)\"]}}]"
    }
},
{
    "model": "admin.logentry",
    "pk": 103,
    "fields": {
        "action_time": "2020-12-18T08:15:35.723Z",
        "user": [
            "developer.rathan@gmail.com"
        ],
        "content_type": [
            "carts",
            "tax"
        ],
        "object_id": "4",
        "object_repr": "Tax object (4)",
        "action_flag": 1,
        "change_message": "[{\"added\": {}}]"
    }
},
{
    "model": "admin.logentry",
    "pk": 104,
    "fields": {
        "action_time": "2020-12-18T08:15:46.211Z",
        "user": [
            "developer.rathan@gmail.com"
        ],
        "content_type": [
            "carts",
            "tax"
        ],
        "object_id": "4",
        "object_repr": "Tax object (4)",
        "action_flag": 2,
        "change_message": "[{\"changed\": {\"fields\": [\"Business\"]}}]"
    }
},
{
    "model": "admin.logentry",
    "pk": 105,
    "fields": {
        "action_time": "2020-12-18T08:16:38.861Z",
        "user": [
            "developer.rathan@gmail.com"
        ],
        "content_type": [
            "carts",
            "tax"
        ],
        "object_id": "4",
        "object_repr": "Tax object (4)",
        "action_flag": 3,
        "change_message": ""
    }
},
{
    "model": "admin.logentry",
    "pk": 106,
    "fields": {
        "action_time": "2020-12-18T10:30:23.632Z",
        "user": [
            "developer.rathan@gmail.com"
        ],
        "content_type": [
            "carts",
            "tax"
        ],
        "object_id": "2",
        "object_repr": "Tax object (2)",
        "action_flag": 2,
        "change_message": "[{\"changed\": {\"fields\": [\"Tax (%)\"]}}]"
    }
},
{
    "model": "admin.logentry",
    "pk": 107,
    "fields": {
        "action_time": "2020-12-18T12:51:28.942Z",
        "user": [
            "developer.rathan@gmail.com"
        ],
        "content_type": [
            "products",
            "variation"
        ],
        "object_id": "1",
        "object_repr": "Variation object (1)",
        "action_flag": 1,
        "change_message": "[{\"added\": {}}]"
    }
},
{
    "model": "admin.logentry",
    "pk": 108,
    "fields": {
        "action_time": "2020-12-19T05:48:51.795Z",
        "user": [
            "developer.rathan@gmail.com"
        ],
        "content_type": [
            "products",
            "color"
        ],
        "object_id": "1",
        "object_repr": "Amber",
        "action_flag": 1,
        "change_message": "[{\"added\": {}}]"
    }
},
{
    "model": "admin.logentry",
    "pk": 109,
    "fields": {
        "action_time": "2020-12-19T05:49:05.082Z",
        "user": [
            "developer.rathan@gmail.com"
        ],
        "content_type": [
            "products",
            "color"
        ],
        "object_id": "2",
        "object_repr": "Baby blue",
        "action_flag": 1,
        "change_message": "[{\"added\": {}}]"
    }
},
{
    "model": "admin.logentry",
    "pk": 110,
    "fields": {
        "action_time": "2020-12-19T05:49:19.118Z",
        "user": [
            "developer.rathan@gmail.com"
        ],
        "content_type": [
            "products",
            "color"
        ],
        "object_id": "3",
        "object_repr": "Blue",
        "action_flag": 1,
        "change_message": "[{\"added\": {}}]"
    }
},
{
    "model": "admin.logentry",
    "pk": 111,
    "fields": {
        "action_time": "2020-12-19T05:49:31.945Z",
        "user": [
            "developer.rathan@gmail.com"
        ],
        "content_type": [
            "products",
            "color"
        ],
        "object_id": "4",
        "object_repr": "Black",
        "action_flag": 1,
        "change_message": "[{\"added\": {}}]"
    }
},
{
    "model": "admin.logentry",
    "pk": 112,
    "fields": {
        "action_time": "2020-12-19T05:49:44.927Z",
        "user": [
            "developer.rathan@gmail.com"
        ],
        "content_type": [
            "products",
            "color"
        ],
        "object_id": "5",
        "object_repr": "Brown",
        "action_flag": 1,
        "change_message": "[{\"added\": {}}]"
    }
},
{
    "model": "admin.logentry",
    "pk": 113,
    "fields": {
        "action_time": "2020-12-19T05:50:03.875Z",
        "user": [
            "developer.rathan@gmail.com"
        ],
        "content_type": [
            "products",
            "color"
        ],
        "object_id": "6",
        "object_repr": "Green",
        "action_flag": 1,
        "change_message": "[{\"added\": {}}]"
    }
},
{
    "model": "admin.logentry",
    "pk": 114,
    "fields": {
        "action_time": "2020-12-19T05:50:15.568Z",
        "user": [
            "developer.rathan@gmail.com"
        ],
        "content_type": [
            "products",
            "color"
        ],
        "object_id": "7",
        "object_repr": "White",
        "action_flag": 1,
        "change_message": "[{\"added\": {}}]"
    }
},
{
    "model": "admin.logentry",
    "pk": 115,
    "fields": {
        "action_time": "2020-12-19T05:50:30.563Z",
        "user": [
            "developer.rathan@gmail.com"
        ],
        "content_type": [
            "products",
            "color"
        ],
        "object_id": "8",
        "object_repr": "Red",
        "action_flag": 1,
        "change_message": "[{\"added\": {}}]"
    }
},
{
    "model": "admin.logentry",
    "pk": 116,
    "fields": {
        "action_time": "2020-12-19T05:51:18.330Z",
        "user": [
            "developer.rathan@gmail.com"
        ],
        "content_type": [
            "products",
            "size"
        ],
        "object_id": "1",
        "object_repr": "S",
        "action_flag": 1,
        "change_message": "[{\"added\": {}}]"
    }
},
{
    "model": "admin.logentry",
    "pk": 117,
    "fields": {
        "action_time": "2020-12-19T05:51:22.458Z",
        "user": [
            "developer.rathan@gmail.com"
        ],
        "content_type": [
            "products",
            "size"
        ],
        "object_id": "2",
        "object_repr": "M",
        "action_flag": 1,
        "change_message": "[{\"added\": {}}]"
    }
},
{
    "model": "admin.logentry",
    "pk": 118,
    "fields": {
        "action_time": "2020-12-19T05:51:29.739Z",
        "user": [
            "developer.rathan@gmail.com"
        ],
        "content_type": [
            "products",
            "size"
        ],
        "object_id": "3",
        "object_repr": "L",
        "action_flag": 1,
        "change_message": "[{\"added\": {}}]"
    }
},
{
    "model": "admin.logentry",
    "pk": 119,
    "fields": {
        "action_time": "2020-12-19T05:51:34.854Z",
        "user": [
            "developer.rathan@gmail.com"
        ],
        "content_type": [
            "products",
            "size"
        ],
        "object_id": "4",
        "object_repr": "XL",
        "action_flag": 1,
        "change_message": "[{\"added\": {}}]"
    }
},
{
    "model": "admin.logentry",
    "pk": 120,
    "fields": {
        "action_time": "2020-12-19T05:51:40.036Z",
        "user": [
            "developer.rathan@gmail.com"
        ],
        "content_type": [
            "products",
            "size"
        ],
        "object_id": "5",
        "object_repr": "38",
        "action_flag": 1,
        "change_message": "[{\"added\": {}}]"
    }
},
{
    "model": "admin.logentry",
    "pk": 121,
    "fields": {
        "action_time": "2020-12-19T05:51:45.965Z",
        "user": [
            "developer.rathan@gmail.com"
        ],
        "content_type": [
            "products",
            "size"
        ],
        "object_id": "6",
        "object_repr": "40",
        "action_flag": 1,
        "change_message": "[{\"added\": {}}]"
    }
},
{
    "model": "admin.logentry",
    "pk": 122,
    "fields": {
        "action_time": "2020-12-19T05:51:49.900Z",
        "user": [
            "developer.rathan@gmail.com"
        ],
        "content_type": [
            "products",
            "size"
        ],
        "object_id": "7",
        "object_repr": "42",
        "action_flag": 1,
        "change_message": "[{\"added\": {}}]"
    }
},
{
    "model": "admin.logentry",
    "pk": 123,
    "fields": {
        "action_time": "2020-12-19T05:51:57.035Z",
        "user": [
            "developer.rathan@gmail.com"
        ],
        "content_type": [
            "products",
            "size"
        ],
        "object_id": "8",
        "object_repr": "5",
        "action_flag": 1,
        "change_message": "[{\"added\": {}}]"
    }
},
{
    "model": "admin.logentry",
    "pk": 124,
    "fields": {
        "action_time": "2020-12-19T05:52:01.639Z",
        "user": [
            "developer.rathan@gmail.com"
        ],
        "content_type": [
            "products",
            "size"
        ],
        "object_id": "9",
        "object_repr": "6",
        "action_flag": 1,
        "change_message": "[{\"added\": {}}]"
    }
},
{
    "model": "admin.logentry",
    "pk": 125,
    "fields": {
        "action_time": "2020-12-19T05:52:06.110Z",
        "user": [
            "developer.rathan@gmail.com"
        ],
        "content_type": [
            "products",
            "size"
        ],
        "object_id": "10",
        "object_repr": "7",
        "action_flag": 1,
        "change_message": "[{\"added\": {}}]"
    }
},
{
    "model": "admin.logentry",
    "pk": 126,
    "fields": {
        "action_time": "2020-12-19T05:52:10.408Z",
        "user": [
            "developer.rathan@gmail.com"
        ],
        "content_type": [
            "products",
            "size"
        ],
        "object_id": "11",
        "object_repr": "8",
        "action_flag": 1,
        "change_message": "[{\"added\": {}}]"
    }
},
{
    "model": "admin.logentry",
    "pk": 127,
    "fields": {
        "action_time": "2020-12-19T05:52:15.389Z",
        "user": [
            "developer.rathan@gmail.com"
        ],
        "content_type": [
            "products",
            "size"
        ],
        "object_id": "12",
        "object_repr": "9",
        "action_flag": 1,
        "change_message": "[{\"added\": {}}]"
    }
},
{
    "model": "admin.logentry",
    "pk": 128,
    "fields": {
        "action_time": "2020-12-19T05:52:23.216Z",
        "user": [
            "developer.rathan@gmail.com"
        ],
        "content_type": [
            "products",
            "size"
        ],
        "object_id": "13",
        "object_repr": "10",
        "action_flag": 1,
        "change_message": "[{\"added\": {}}]"
    }
},
{
    "model": "admin.logentry",
    "pk": 129,
    "fields": {
        "action_time": "2020-12-19T05:53:29.005Z",
        "user": [
            "developer.rathan@gmail.com"
        ],
        "content_type": [
            "category",
            "category"
        ],
        "object_id": "12",
        "object_repr": "Men / T-Shirts",
        "action_flag": 1,
        "change_message": "[{\"added\": {}}]"
    }
},
{
    "model": "admin.logentry",
    "pk": 130,
    "fields": {
        "action_time": "2020-12-19T05:54:42.618Z",
        "user": [
            "developer.rathan@gmail.com"
        ],
        "content_type": [
            "products",
            "product"
        ],
        "object_id": "11",
        "object_repr": "Plain T-Shirt",
        "action_flag": 1,
        "change_message": "[{\"added\": {}}, {\"added\": {\"name\": \"productgallery\", \"object\": \"Plain T-Shirt\"}}, {\"added\": {\"name\": \"productgallery\", \"object\": \"Plain T-Shirt\"}}, {\"added\": {\"name\": \"productgallery\", \"object\": \"Plain T-Shirt\"}}, {\"added\": {\"name\": \"productgallery\", \"object\": \"Plain T-Shirt\"}}]"
    }
},
{
    "model": "admin.logentry",
    "pk": 131,
    "fields": {
        "action_time": "2020-12-19T05:55:21.758Z",
        "user": [
            "developer.rathan@gmail.com"
        ],
        "content_type": [
            "products",
            "product"
        ],
        "object_id": "11",
        "object_repr": "Plain T-Shirt",
        "action_flag": 2,
        "change_message": "[{\"added\": {\"name\": \"variants\", \"object\": \"Plain T-Shirt Black\"}}]"
    }
},
{
    "model": "admin.logentry",
    "pk": 132,
    "fields": {
        "action_time": "2020-12-19T05:57:31.120Z",
        "user": [
            "developer.rathan@gmail.com"
        ],
        "content_type": [
            "products",
            "color"
        ],
        "object_id": "9",
        "object_repr": "Gray",
        "action_flag": 1,
        "change_message": "[{\"added\": {}}]"
    }
},
{
    "model": "admin.logentry",
    "pk": 133,
    "fields": {
        "action_time": "2020-12-19T05:57:58.005Z",
        "user": [
            "developer.rathan@gmail.com"
        ],
        "content_type": [
            "products",
            "product"
        ],
        "object_id": "11",
        "object_repr": "Plain T-Shirt",
        "action_flag": 2,
        "change_message": "[{\"changed\": {\"fields\": [\"Stock\"]}}, {\"added\": {\"name\": \"variants\", \"object\": \"Plain T-Shirt Baby Blue\"}}, {\"added\": {\"name\": \"variants\", \"object\": \"Plain T-Shirt White\"}}, {\"added\": {\"name\": \"variants\", \"object\": \"Plain T-Shirt Grey\"}}]"
    }
},
{
    "model": "admin.logentry",
    "pk": 134,
    "fields": {
        "action_time": "2020-12-21T10:32:42.421Z",
        "user": [
            "developer.rathan@gmail.com"
        ],
        "content_type": [
            "products",
            "product"
        ],
        "object_id": "11",
        "object_repr": "Plain T-Shirt",
        "action_flag": 2,
        "change_message": "[{\"added\": {\"name\": \"productgallery\", \"object\": \"Plain T-Shirt\"}}]"
    }
},
{
    "model": "admin.logentry",
    "pk": 135,
    "fields": {
        "action_time": "2020-12-21T10:33:16.497Z",
        "user": [
            "developer.rathan@gmail.com"
        ],
        "content_type": [
            "products",
            "product"
        ],
        "object_id": "11",
        "object_repr": "Plain T-Shirt",
        "action_flag": 2,
        "change_message": "[{\"added\": {\"name\": \"variants\", \"object\": \"Plain T-Shirt Red\"}}]"
    }
},
{
    "model": "admin.logentry",
    "pk": 136,
    "fields": {
        "action_time": "2020-12-21T10:34:10.078Z",
        "user": [
            "developer.rathan@gmail.com"
        ],
        "content_type": [
            "products",
            "product"
        ],
        "object_id": "11",
        "object_repr": "Plain T-Shirt",
        "action_flag": 2,
        "change_message": "[{\"added\": {\"name\": \"variants\", \"object\": \"Plain T-Shirt Red\"}}]"
    }
},
{
    "model": "admin.logentry",
    "pk": 137,
    "fields": {
        "action_time": "2020-12-22T17:33:24.396Z",
        "user": [
            "developer.rathan@gmail.com"
        ],
        "content_type": [
            "carts",
            "shopcart"
        ],
        "object_id": "8",
        "object_repr": "Plain T-Shirt",
        "action_flag": 3,
        "change_message": ""
    }
},
{
    "model": "admin.logentry",
    "pk": 138,
    "fields": {
        "action_time": "2020-12-22T17:33:24.405Z",
        "user": [
            "developer.rathan@gmail.com"
        ],
        "content_type": [
            "carts",
            "shopcart"
        ],
        "object_id": "7",
        "object_repr": "Plain T-Shirt",
        "action_flag": 3,
        "change_message": ""
    }
},
{
    "model": "admin.logentry",
    "pk": 139,
    "fields": {
        "action_time": "2020-12-22T17:33:24.406Z",
        "user": [
            "developer.rathan@gmail.com"
        ],
        "content_type": [
            "carts",
            "shopcart"
        ],
        "object_id": "6",
        "object_repr": "Plain T-Shirt",
        "action_flag": 3,
        "change_message": ""
    }
},
{
    "model": "admin.logentry",
    "pk": 140,
    "fields": {
        "action_time": "2020-12-22T17:33:24.407Z",
        "user": [
            "developer.rathan@gmail.com"
        ],
        "content_type": [
            "carts",
            "shopcart"
        ],
        "object_id": "5",
        "object_repr": "Plain T-Shirt",
        "action_flag": 3,
        "change_message": ""
    }
},
{
    "model": "admin.logentry",
    "pk": 141,
    "fields": {
        "action_time": "2020-12-22T17:33:24.408Z",
        "user": [
            "developer.rathan@gmail.com"
        ],
        "content_type": [
            "carts",
            "shopcart"
        ],
        "object_id": "3",
        "object_repr": "Plain T-Shirt",
        "action_flag": 3,
        "change_message": ""
    }
},
{
    "model": "admin.logentry",
    "pk": 142,
    "fields": {
        "action_time": "2020-12-22T17:33:24.409Z",
        "user": [
            "developer.rathan@gmail.com"
        ],
        "content_type": [
            "carts",
            "shopcart"
        ],
        "object_id": "2",
        "object_repr": "Plain T-Shirt",
        "action_flag": 3,
        "change_message": ""
    }
},
{
    "model": "admin.logentry",
    "pk": 143,
    "fields": {
        "action_time": "2020-12-22T17:33:24.410Z",
        "user": [
            "developer.rathan@gmail.com"
        ],
        "content_type": [
            "carts",
            "shopcart"
        ],
        "object_id": "1",
        "object_repr": "Plain T-Shirt",
        "action_flag": 3,
        "change_message": ""
    }
},
{
    "model": "admin.logentry",
    "pk": 144,
    "fields": {
        "action_time": "2020-12-22T17:44:16.415Z",
        "user": [
            "developer.rathan@gmail.com"
        ],
        "content_type": [
            "products",
            "product"
        ],
        "object_id": "11",
        "object_repr": "Plain T-Shirt",
        "action_flag": 2,
        "change_message": "[{\"changed\": {\"name\": \"variants\", \"object\": \"Plain T-Shirt Black\", \"fields\": [\"Quantity\"]}}]"
    }
},
{
    "model": "admin.logentry",
    "pk": 145,
    "fields": {
        "action_time": "2020-12-22T17:46:25.170Z",
        "user": [
            "developer.rathan@gmail.com"
        ],
        "content_type": [
            "products",
            "product"
        ],
        "object_id": "11",
        "object_repr": "Plain T-Shirt",
        "action_flag": 2,
        "change_message": "[{\"changed\": {\"name\": \"variants\", \"object\": \"Plain T-Shirt Black\", \"fields\": [\"Quantity\"]}}]"
    }
},
{
    "model": "admin.logentry",
    "pk": 146,
    "fields": {
        "action_time": "2020-12-24T20:30:33.100Z",
        "user": [
            "developer.rathan@gmail.com"
        ],
        "content_type": [
            "accounts",
            "user"
        ],
        "object_id": "1",
        "object_repr": "Super",
        "action_flag": 2,
        "change_message": "[{\"changed\": {\"fields\": [\"Phone number\", \"Gender\", \"Profile picture\"]}}]"
    }
}
]
